Comment,Time,Score,ID,Hour,Minutes
Posting a bit early so people know where to go when it starts. Feel free to chat in here since there are certain bits coming out on X already.,2023-10-10 11:14:12,1,1,11,14
20% fare reduction on public transport continued to end of 2024,2023-10-10 13:55:05,39,2,13,55
This is good.,2023-10-10 14:16:50,3,3,14,16
"Aaaaaahhhhh, what have the Greens done for us!",2023-10-10 16:56:05,2,4,16,56
"â‚¬67 million to provide 16,000 craft apprenticeship programmes",2023-10-10 14:18:04,25,5,14,18
"Thatâ€™s good, if only I could feed my family on the apprentice wage id probably take one up.",2023-10-10 14:35:53,18,6,14,35
Still nobody to teach them.,2023-10-10 14:31:57,3,7,14,31
So deemed disposal still there? Sad,2023-10-10 13:40:23,21,8,13,40
Very disappointed about this. If you do manage to save every month theres nowhere to put it that doesn't get hammered with punitive taxes (apart from lock away in a pension for decades) .,2023-10-10 13:50:55,10,9,13,50
But if the peasantry donâ€™t put all their money into land then where will my kick backs come fromâ€¦?,2023-10-10 14:07:08,6,10,14,7
Isnt that it. With tax breaks for landlords your basically encouraging people to invest in property over all else.,2023-10-10 15:59:16,4,11,15,59
Genuinely so sick of savings sitting in the credit union getting eaten alive by inflation I've been thinking about you a bulk order of weed vapes as an investment ðŸ˜…,2023-10-10 14:29:00,2,12,14,29
"They were never going to change it here. They are in the middle of a review, they're not going to make changes in advance of the work being done",2023-10-10 14:35:27,5,13,14,35
Yes I was unaware of the ongoing review. Great to hear they're looking at it,2023-10-10 14:36:26,3,14,14,36
Least for me it sounded like going to reviewed and fixed this summer. Sooner the better but least it's being looked at and possibly fixed,2023-10-10 14:06:02,5,15,14,6
Well you can still email revenue yearly about getting rid of it. It'll happen soon enough.,2023-10-10 17:03:12,1,16,17,3
"0.8% GDP to the ~~rainy day fund~~ new The Future Ireland Fund next 2 years at least

Approx 4.3b in 2024

Expected to reach 100b by 2035

It's currently 6b I believe",2023-10-10 13:44:40,23,17,13,44
"He explicitly said it's not a ""rainy day fund"", you're getting mixed up with the The Future Ireland Fund",2023-10-10 13:51:42,17,18,13,51
You're right it's a new additional fund,2023-10-10 13:58:37,4,19,13,58
So when do we buy a football team like the saudis,2023-10-10 13:45:53,9,20,13,45
I reckon we buy a premier league team then move them over to Dublin.,2023-10-10 14:10:13,7,21,14,10
I think we should just move Watford over to Waterford. We'd save a lot of money on rebranding when we can just scribble in the two extra letters,2023-10-10 15:41:59,9,22,15,41
"Honeslty after the recession, Brexit and then covid over the past 2 decades this is not a terrible idea.

Who knows what will hit the economy in the next 2 decades and having a decent rainy day fund will be helpful if needed.",2023-10-10 13:46:48,17,23,13,46
"> Who knows what will hit the economy in the next 2 decades and having a decent rainy day fund will be helpful if needed. 

Climate change related issues for sure. Possibly crop failure and weather related incidents.",2023-10-10 13:52:18,12,24,13,52
"We pulled down 1.5/2b from it for Covid which helped a lot

Opposition moaned about it when it was implemented",2023-10-10 13:48:11,8,25,13,48
"Free School Book Scheme for junior cycle students at post-primary level

Free books Foley strikes again",2023-10-10 13:56:52,23,26,13,56
"Fucking delighted, young lad going in to 1st year, save me a fortune",2023-10-10 14:23:40,16,27,14,23
"Mortgage interest relief for those on trackers and variable rate mortgages is incredibly unfair.

Those who chose to take out fixed rate mortgages did so at a premium in order to protect themselves from future interest hikes, so itâ€™s crazy only to apply relief to certain mortgage types",2023-10-10 14:34:42,76,28,14,34
Also crazy since the risk of an increased rate is knowingly taken when going with a variable or tracker rate.,2023-10-10 14:37:56,22,29,14,37
"Completely agree on this, not to mention the cost of legal fees and time involved in moving. 

I actually think more noses will be out of joint because of this than if they hadn't given anything at all.",2023-10-10 15:00:42,17,30,15,0
"Exactly, they already benefited from a previously lower rate.",2023-10-10 17:04:44,8,31,17,4
"""Relief will be available in respect of the increased interest paid on the mortgage in the calendar year 2023 as compared with the amount paid in 2022, at the standard rate of 20% income tax. The relief will be capped at â‚¬1,250 per property.""

Depends when you fixed - and the relief isn't that massive",2023-10-10 14:39:49,6,32,14,39
"Did they not say it was for everyone, not just trackers and variable?",2023-10-10 14:37:38,1,33,14,37
Its relief on the difference between the years. So fixed rate wouldn't get anything,2023-10-10 17:05:26,2,34,17,5
Announce Mbappe to Cork City!,2023-10-10 12:22:45,42,35,12,22
"Big gambit on landlords: in 2024 the first â‚¬3k of landlords' rental income will be tax free, â‚¬4k in 2025, and â‚¬5k in 2026 and 2027 - but only if landlord commits to staying in market for four years, tax will be clawed back otherwise

Gav Reilly with the deets",2023-10-10 13:28:55,15,36,13,28
Damn brah. Landlords get a larger tax credit than stocks lol. Wildin,2023-10-10 17:04:02,3,37,17,4
"So about a grand for landlords, and â‚¬250 for renters, or am I reading it wrong.",2023-10-10 13:30:15,4,38,13,30
Renters from 500 to 750,2023-10-10 14:00:14,4,39,14,0
I can't wait to see landlords being satisfied enough by the tax relief that they won't increase rents knowing renters are getting a bigger tax credit!,2023-10-10 13:31:27,5,40,13,31
"Energy credits 

3 Ã— 150e each",2023-10-10 13:52:18,11,41,13,52
"25% less than last year, but energy prices are down about 15% too.  I give this a rating of ""Not great, not terrible"".",2023-10-10 14:02:05,17,42,14,2
"November, January, March you reckon?",2023-10-10 14:24:42,1,43,14,24
Yes they said up to April,2023-10-10 14:29:44,2,44,14,29
"RTE Radio 1 were playing money-themed songs in the build-up over the past hour.  Given how so many people are struggling financially at the minute, I thought it was a little on the nose.

Anyway, here's my Budget Day song https://youtu.be/Wh3t49NsWBA?si=gHUJN35WCo4SSvxr

Have a good day, lads.  Better laugh than cry.",2023-10-10 13:01:47,24,45,13,1
I prefer listening to Clown Core in the background https://www.youtube.com/watch?v=sR_rPd_ufK4,2023-10-10 13:37:39,4,46,13,37
That fits the mood so well.,2023-10-10 13:39:53,1,47,13,39
It's maybe a joke group but they are geniuses.,2023-10-10 13:41:18,1,48,13,41
"I think it's supposed to be a parody. Lots of ""giveaways"" but very little progress.",2023-10-10 13:03:26,1,49,13,3
Young adult leap card increased to 25 years,2023-10-10 14:27:21,24,50,14,27
[deleted],2023-10-10 14:34:37,6,51,14,34
"Congratulations, you're just a regular old adult now.",2023-10-10 15:25:20,10,52,15,25
There has to be some cut off. It's a concession because under 25s generally have less income than over 25s. Mainly are still in college. Not everyone leaves college at 22 to work full time.,2023-10-10 15:52:24,3,53,15,52
Well under 28's are children.,2023-10-10 14:29:35,3,54,14,29
â€œNext we move on to liars..â€,2023-10-10 14:28:03,31,55,14,28
They should make the country more fun somehow,2023-10-10 18:07:21,34,56,18,7
An Alf pog delivered to every household in the country?,2023-10-10 22:02:24,8,57,22,2
This guy budgets,2023-10-10 20:20:14,6,58,20,20
How about a white water rafting in the city centre?,2023-10-10 21:38:28,8,59,21,38
"This might not be the most popular opinion, but a minimum wage of â‚¬12.70 is great to see.

I remember I had a college job in the depths of the recession in 2012 and the minimum wage was *cut* to â‚¬8. A ~60% increase in 12 years is quite something.",2023-10-10 14:31:46,50,60,14,31
"Reversing that cut was one of the first things the new FG/Lab government put through, if I remember correctly.  Labour don't get enough credit for things like that, or should I say they did get credit but then pissed away the good will over the next few years.",2023-10-10 15:30:16,15,61,15,30
Yes they've followed the UK in setting up a Low Pay Commission who recommend a level to make the minimum wage two-thirds of median full time salary. So Ireland's minimum wage will now be exactly the same as UK's (â‚¬12.75) in the new year - and will probably outstrip inflation next year as Ireland's median salary is higher than the UK's,2023-10-10 20:34:28,3,62,20,34
"It is, but in the context of the current cost of living trying to get by on that amount of money will be really difficult.",2023-10-10 14:40:54,7,63,14,40
"Yeah, at the end of the day it's still the minimum wage.",2023-10-10 14:41:53,9,64,14,41
"Itâ€™s actually worth more than â‚¬8/hr was back in 2012. Renters have rental credits, college fees have been slashed, grants increased, as well as reductions in USC and an increase in tax brackets.",2023-10-10 16:22:03,3,65,16,22
It also means everyone else's wages have gone down relatively. I'm in two minds about it.,2023-10-10 15:04:26,-6,66,15,4
Poor people should keep being poor so that middle and high income workers can negate inflation. Aah the capitalist way,2023-10-10 15:11:40,16,67,15,11
"Poor people will keep being poor regardless, prices will rise as a result of this",2023-10-10 15:22:14,-6,68,15,22
Yes and youâ€™d like to see those poor people forced into homelessness by the sounds,2023-10-10 16:23:00,2,69,16,23
Not at all,2023-10-10 16:27:12,-1,70,16,27
"Well people on minimum wage do not have enough to afford accommodation these days. So if you think minimum wage shouldnâ€™t be increased, what do you expect the alternative is?",2023-10-10 16:28:14,2,71,16,28
Ah poor you. The gap between the poorest and yourself has closed. Must be tough.,2023-10-10 15:23:48,7,72,15,23
Nothing stopping you from seeking out a commensurate pay increase with your employer,2023-10-10 16:30:08,1,73,16,30
Ha. Ha. Good luck with that!,2023-10-10 16:30:42,1,74,16,30
It's great but it does put a strain on small independent shops who might already be tight on budget and need staff. I feel like there should be a difference between a small indo buisness and a massive company when it comes to minimum wage because it really does hurt the small shops if you're paying say 4 employees at full time and all of a sudden you're needing to pay them an extra 2 grand each. Lot of places run small margins.,2023-10-10 15:21:45,-8,75,15,21
Just because your a small independent shop does not mean you have a right to exist. If the margins are to thin or you are not able to pay people a workable wage then maybe you should re-examine your business,2023-10-10 17:01:55,11,76,17,1
"Inflation and cost of living hits buisness owners too. Lots of people are rightfully angry when local businesses go broke because of things like Council Rates or rent (Galway was hit very hard and lost a good few little places) but it seems nobody actually wants to help them. 

I agree with the raising of the minimum wage but I don't like that small independent buisiness is taking a big brunt without much help for them. Fuck load of places, even ones you would think make huge amounts of money run small enough margins and they will be swallowed up or forced to close and then /r/Ireland will have a big thread where people are sad and devestated that so and so has closed down or that so many small independent shops have closed down and be angry that the government/council etc. didn't help them or that people don't support their local shops etc. This is a big jump in minimum wage and when you have a few employees working full time it adds up and it all happens at once as well.  I feel that something needs to be put in place to help them.",2023-10-10 17:44:29,0,77,17,44
A business shouldnâ€™t run if it canâ€™t afford to pay staff a decent wage.,2023-10-10 15:30:25,23,78,15,30
I'm inclined to agree. Workers have rights to a fair wage. A business does not have a default right to exist.,2023-10-10 19:18:44,5,79,19,18
This is such a fucking stupid argument. This place moans about big multi-nationals taking over small buisnesses and screams and cries when there's a whisper of a Wetherspoons opening yet at the same time find absolutely no problem that small independent buisnesses are having to deal with increased costs on literally everything with income staying flat or declining.,2023-10-10 15:36:47,-10,80,15,36
Youâ€™re advocating for small shops to pay people below minimum wage for the joy of simply working. Delusional,2023-10-10 16:28:46,12,81,16,28
Where did I say that exactly?,2023-10-10 17:35:33,-1,82,17,35
">	I feel like there should be a difference between a small indo buisness and a massive company when it comes to minimum wage

[Here](https://reddit.com/r/ireland/comments/174hm94/_/k49zovr/?context=1)",2023-10-10 17:41:11,4,83,17,41
Yes a difference as in structuring and support not have a big chain have a starting wage of whatever and a small shop being 3 euro less. I'm looking for some sort of support for small businesses not some crazy scheme.,2023-10-10 17:44:06,0,84,17,44
"I mean would that also not strain small independent shops?

Why work for the shop for â‚¬10 an hour when I can work for the massive company at â‚¬12.70 an hour? A massive company that will also potentially have employee benefits like health care contributions and pension contributions etc...

Also say small meant 20 employees or less, as the shop owner I'd make sure to under the threshold and stay ""small"" so as to not have to pay the higher minimum wage.",2023-10-10 15:36:41,10,85,15,36
"Well I haven't exactly thought it all out tbf. Working in small shops in my experience has always been much better a work experience too. I'd rather die than be some waiter in a hotel again for example. Also job security is always much better because hotels, big chain shops etc. like to hire people a lot and get them to work a busy period like Christmas then dump them. 

I just feel that for a place that is constantly moaning about the death of independent businesses in the country nobody seems to really give a toss when it comes down to it.",2023-10-10 15:40:37,-1,86,15,40
">	Well I havenâ€™t exactly thought it all out 

No shit",2023-10-10 16:29:28,6,87,16,29
Why are you expecting me to come up with a solution off the top of my head in a reddit comment section or something?,2023-10-10 17:35:04,0,88,17,35
"New 'Infrastructure, Climate and Nature Fund' of â‚¬2bn a year for seven years announced",2023-10-10 13:47:11,11,89,13,47
Welfare rates and pensions up 12e per week,2023-10-10 13:54:21,8,90,13,54
feck all,2023-10-10 14:51:08,1,91,14,51
R&D tax credit increasing from 25% to 30%.,2023-10-10 15:01:33,11,92,15,1
"I haven't read the budget but this looks interesting, with corporate tax increasing the r&d credit might force companies create value and not just trying to move money.",2023-10-10 18:01:18,2,93,18,1
"Hopefully. I'm too cynical for that though, because this just looks like the tax break is being shifted around on paper.",2023-10-10 18:11:45,2,94,18,11
When did the DÃ¡il chamber get all these new camera angles? Its quiet cinematic.,2023-10-10 13:25:26,9,95,13,25
I'm awaiting 500k to be announced for a VAR type camera system in the DÃ¡il.  And that's just for planning.,2023-10-10 13:27:23,11,96,13,27
 MetaOireachtaverses,2023-10-10 13:35:49,4,97,13,35
"\*Budget 2024

Budget 2023 was on 27 September 2022.",2023-10-10 14:03:38,17,98,14,3
*Bannedâ€¢,2023-10-10 14:04:38,15,99,14,4
![gif](giphy|XyLKdaVbQ3xg6o0sKy|downsized),2023-10-10 14:22:33,13,100,14,22
"Renters tax credit upped to â‚¬750 in 2023. 

Applications have been backdated. So can still claim â‚¬500 from 2022. 

Basically if you rent, you can claim up to â‚¬1,250 back from revenue. 

Also you donâ€™t need much details or your landlordâ€™s details. Just your name, PPS, address, and IBAN. All on revenue.ie.",2023-10-10 13:57:56,16,101,13,57
"""I am pleased to be in a position to increase the value of the Rent Tax Credit from â‚¬500 per year to â‚¬750 per year for 2024.""

Seems to only be for next year",2023-10-10 14:00:45,5,102,14,0
"These kind of measures are generally assessed on a year by year basis, so they mention one year.",2023-10-10 14:09:49,5,103,14,9
"the property has to be registered on rtb though right?

Which how many landlords are, because I know mine fucking isn't

Edit - Why am I getting downvoted, I'm asking a question which probably affects a lot of people.

The last two places I rented in Dublin haven't been registered.

And it's not like I can force my landlord to register",2023-10-10 14:00:19,11,104,14,0
"It doesnâ€™t need to be registered. Your landlord could be a scummy chancer and youâ€™ll still get the tax credit. 

Source: my landlord was scummy and not registered and I got the tax credit.",2023-10-10 14:08:31,8,105,14,8
I just fibbed and said he was. What route did you take when filling out the form,2023-10-10 14:27:37,2,106,14,27
Just left it blank tbh.,2023-10-10 16:03:59,3,107,16,3
"They don't need to be registered, leave the field blank",2023-10-10 14:08:57,7,108,14,8
they ask for a landlord number thing or something but there isn't a requirement. just fill out the form as best you can and you'll get the credit,2023-10-10 14:07:05,5,109,14,7
But I know my property isn't registered and doesn't fall under rent a room...so on the form should I just say it is....,2023-10-10 14:08:10,-1,110,14,8
"who's to say whether you're on the rent a room or not. your landlord isn't even registered, how could you be expected to know their tax affairs. but make sure to put their ppsn in!",2023-10-10 14:16:10,2,111,14,16
My landlords PPSN is not info I have on hand unfortunately ðŸ˜­,2023-10-10 14:16:54,1,112,14,16
it's not mandatory. you could also just say they're registered if you don't go down the rent a room scheme route,2023-10-10 14:26:03,3,113,14,26
""" According to the CSO, it has recorded 330,632 private rented homes whereas the RTB has 246,453 registered tenancies in its 2022 data. It amounts to a difference of 84,179 homes.Â  ""

[https://www.thejournal.ie/private-rented-market-how-many-ireland-6190720-Oct2023/](https://www.thejournal.ie/private-rented-market-how-many-ireland-6190720-Oct2023/)",2023-10-10 14:16:09,5,114,14,16
"It doesn't need to be for you to get the allowance. I'm not sure if it leads to the landlord being contacted about it though. We got the allowance last year when our apartment was not registered, but we got a mail from the RTB to say it had been registered during the year.",2023-10-10 14:31:45,4,115,14,31
"Is this your first time in r/ireland?? This seems to come up on a daily basis, the landlord does not need to be registered !",2023-10-10 14:40:04,4,116,14,40
"Betya mine isn't. Guy I rent from has us there at a steal given the location, but it's off the books so my roommate and I don't apply for many of these rebates.",2023-10-10 14:02:00,1,117,14,2
Probably a push to try find the ones who aren't registered?,2023-10-10 14:02:04,1,118,14,2
I got my tax relief credit in Feb  of 500 can I claim for a previous year ?,2023-10-10 14:21:13,2,119,14,21
"You can claim â‚¬500 for 2022, â‚¬500 for 2023, and â‚¬750 for 2024.",2023-10-10 14:50:30,5,120,14,50
I presume your landlord needs to be registered with the RTB to claim it?,2023-10-10 17:12:53,1,121,17,12
"No, it's deliberately not a requirement. So if your landlord is collecting the rent in cash you can still claim it. Just need your address, IBAN, PPS.",2023-10-10 18:00:04,2,122,18,0
They must be parched after talking for so long,2023-10-10 14:32:28,8,123,14,32
![gif](giphy|7NX5pn9rZztl6xN7Io|downsized),2023-10-10 16:28:23,3,124,16,28
Average worker will gain 65 a month from the income tax changes,2023-10-10 13:26:03,15,125,13,26
Not bad,2023-10-10 13:42:23,2,126,13,42
That's shite. Inflation and cost of living increases will take that away. If you drive to work you're also silently getting that taken away with the 2.1c increase in fuel costs,2023-10-10 13:55:46,0,127,13,55
"Sure they were never going to give everybody enough money to make up for inflation. The budget's not infinite, debt is more expensive than it used to be, and every tax cut and spending increase is inflationary - giving away too much will just undo any good that the aid does.

""Cost of living"" aid needs to be the minimum you can spend to help the most vulnerable to cope with rising costs without driving too much additional inflation - you can't make everybody whole.",2023-10-10 15:21:49,6,128,15,21
How much were you looking for?,2023-10-10 14:37:41,6,129,14,37
An extra 10 grand a month would be nice.,2023-10-10 15:43:58,2,130,15,43
Is that from January?,2023-10-10 14:10:10,1,131,14,10
Yes,2023-10-10 15:17:09,1,132,15,17
Kicked the vape tax down the road for another year. When they most likely won't be in government,2023-10-10 16:22:36,22,133,16,22
A .5% cut in USC is pathetic. I'll also get the 150 energy credit. But ultimately that's all. Really doesn't help the middle income earner at all. Typical,2023-10-10 15:57:18,36,134,15,57
Isn't the 4% rate going to kick later too? So there'll be something there as well,2023-10-10 16:22:40,2,135,16,22
4% started moved up from 22.9k to 25.8k. â‚¬70 saving for that 2860 change and ofc 0.5% on everything above.,2023-10-10 16:52:58,2,136,16,52
Better in my pocket than theirs anyway!,2023-10-10 16:59:50,0,137,16,59
Don't forget this is spread over 5 years. So we won't expect a usc abolished for st least 5 more years,2023-10-10 18:53:20,2,138,18,53
Ok .5% increase for you so miserable prick,2023-10-10 16:00:44,0,139,16,0
I shall use it to buy 6 cigarettes from a local black market dealer,2023-10-10 16:02:04,7,140,16,2
But that's not taxed!!!!!!,2023-10-10 16:02:38,0,141,16,2
"Paschal making a fool og himself on The Tonight Show. HE just said  
WE cant afford to bring in the 25% reduction for another eleven months while earlier saying how great it was we arent spending the extra 8 billion the are ferreting away for about ten years",2023-10-10 22:14:02,8,142,22,14
"This budget does next to nothing for single, median income, living with parents people like a tonne of 25-35 year olds are.... waiting for PWC calculator to see what little difference there will be on my take home pay... really making it difficult to live in this country",2023-10-10 15:57:25,48,143,15,57
The higher rate is 42k instead of 40k right?,2023-10-10 16:07:01,8,144,16,7
I'm below the 40K anyway. Makes zero odds to me.,2023-10-10 16:09:10,13,145,16,9
"Minimum wage increase means the bottom of the paye bracket also moves up so you pay less normal tax, but ya, it's fuck all.",2023-10-10 16:46:56,3,146,16,46
"That's not how tax works. They have increased tax credits marginally, but that's separate.",2023-10-10 19:08:30,3,147,19,8
And the personal tax credit is 100 euro higher and USC cut slightly as well. Could be at least a small but noticeable bump for median income workers.,2023-10-10 16:47:44,8,148,16,47
65 euro per month I worked it out to,2023-10-10 16:55:50,6,149,16,55
Everyone will be 100 euro higher regardless of what wage they are on because the personal tax credit went up.,2023-10-10 16:59:40,1,150,16,59
They won't pay tax on an additional 100 euro. That's only worth 20 euro,2023-10-10 18:10:30,1,151,18,10
Itâ€™s a straight â‚¬100 tax credit but for the year. So a whopping â‚¬1.92/week.,2023-10-10 18:29:37,4,152,18,29
"Just to play devil's advocate, what would you have hoped for?",2023-10-10 16:50:33,8,153,16,50
"The renters support to be extended to those still living with parents, a substantial support on buying for single people, more tax relief/support earning under the higher income bracket, a promise to not introduce those fuel increases. There can be a lot more done for the middle income people",2023-10-10 17:49:50,1,154,17,49
You can hardly expect them to give the rent credit to people who aren't renting? Unless your parents have a proper lease etc drawn up and you are paying rent?,2023-10-11 12:52:21,3,155,12,52
"Eh, I'm on middle income and renting, and this'll halve the tax I pay, not to mention the energy credits which you'll benefit from too. If you're living with parents you'd saving more than renting (otherwise, why do it) plus any ""rent"" you pay to them stays within your family, so if tax credits were offered there'd be a lot of fraud in terms of the amount ""paid"".",2023-10-10 23:14:34,1,156,23,14
Fuel duty increases deferred till next year - no cuts,2023-10-10 13:30:25,5,157,13,30
[deleted],2023-10-10 14:23:05,19,158,14,23
"[Disability Federation of Ireland are reeeeeally not happy](https://www.disability-federation.ie/news/press-releases/2023/10/10/devastating-sidelining-ofdisabled-people-in-budget/):

>Responding to Budget 2024, the Disability Federation of Ireland (DFI), has said it is devastating to see the sideliningÂ of disability and the tokenistic attitude to disabled people inÂ Budget 2024.  
>  
>The measures introduced today do not come close to meeting the needs of people with disabilities. It is difficult to understand how the cost of disability payment, acknowledged and introduced for the first time in Budget 2023 at â‚¬500, has not been continued. Minister McGrath said last year 'it is important that we acknowledge that persons living with a disability face additional costs.' These costs were acknowledged in the Indecon Report, and the recent Green Paper, at â‚¬8,700 to â‚¬12,300 per year and yet there are no such cost of disability measures in Budget 2024.   
>  
>Along with other anti-poverty organisations we had called for a â‚¬27.50 increase in core social protection rates to keep up with inflation and prevent a rise in inequality and poverty. Although the Minister referenced inflation, the increase announced today falls significantly short at â‚¬12.",2023-10-10 15:19:35,19,159,15,19
"They are right to criticize this. Average inflation across the Irish economy over the past year has been 6.3% (https://www.breakingnews.ie/ireland/inflation-in-ireland-rises-to-6-3-new-figures-show-1523937.html , this article discusses it, the numbers are coming from CSO) 

The current disability allowance is â‚¬220 / week. This budget sees an increase of â‚¬12 to â‚¬232 / week, which is only an increase of about ~5%. So in a lot of ways, this means a net decrease in your purchasing power as a recipient of the Disability Allowance. 
While this is the same across all social benefit payments, one could argue that people on Disability Allowance are unfairly penalized here because they will rely on this payment long term as opposed to something like job-seekers benefit which is designed to be a short term support. 

This, in addition to the government discussing an overhaul to the Disability Allowance system recently, it kinda seems like this government has a real want to see these payments reduced or removed? Which doesn't seem like a worthwhile use of time when such a small percentage of people are on Disability and also when employment is so high.

In any case, I might have been off here in my calculations, this is just some quick maths I did now, I might be misinterpreting this information but if I'm correct, it does seem like the Disability Federation has every right to be pissed off.",2023-10-10 18:10:16,9,160,18,10
"Those with disabilities definitely need more supports.

That said the inflation example is a poor one. Most people are worse off relative to inflation. That also applies to those who are in the workforce. Most peopleâ€™s wages havenâ€™t risen by 6.3%. Wages have risen an average of 4.3%, so less than the increase to disability allowance.

I suspect theyâ€™ve held off until theyâ€™ve restructured disability benefits. See who feels most aggrieved when that has concluded and then try and throw some money at it to fix it",2023-10-11 02:58:23,2,161,2,58
"> Which doesn't seem like a worthwhile use of time when such a small percentage of people are on Disability and also when employment is so high.

They have had the OECD and various spending watchdogs on their arse about it for years. Likely there's some backroom dealing going on along the lines of ""we won't criticise another giveaway budget if you expand workfare to disability""",2023-10-10 22:13:23,1,162,22,13
"The people in charge despise disabled people, they just can't admit it",2023-10-10 18:10:24,7,163,18,10
"And DCA goes from â‚¬330 to â‚¬340 which is really disappointing. My child is physically disabled, he is with a CDNT which is under 40% resourced so we are left to pay for private physio, private OT, private Occupational Therapy, private SLT. It is terrifying to think what his future will be like when the government provide so little for those most in need.",2023-10-10 20:40:06,2,164,20,40
"Given the number of children being ignored now, the cumulative effect of this over 20 years is abysmal. If children of this generation were given the necessary supports, the support needed when they enter adulthood would be less. But like many things, what's another year of punting it down the road. ðŸ¤¬",2023-10-10 22:40:05,3,165,22,40
[deleted],2023-10-10 15:56:31,-4,166,15,56
"A one-off â‚¬400 plus the extra double in January is the equivalent of â‚¬11.92/â‚¬12.15 (depending on if the second double is â‚¬220 or â‚¬232) a week for a single year. It is ***just*** ***barely*** equivalent to the minimum â‚¬25+ that was campaigned for, and still far below the â‚¬291.50/week that is the poverty threshold.",2023-10-10 16:01:32,7,167,16,1
"What we've all been waiting for...

VAT rate on ebooks and audio books moves from 9% to 0%",2023-10-10 13:38:01,11,168,13,38
"Such a stupid one. Why reduce on ebooks but not physical books. Are they trying to kill Easons, Dubray and independant small book stores by giving multimnational online stores a almost 10% discount to undercut local businesses!

EDIT: My mistake. I didn't physical books already had this reduced VAT",2023-10-10 13:40:57,-14,169,13,40
No... they reduced tax on ebooks and audio books to 0% so they match the zero rate tax on physical books.,2023-10-10 13:43:20,20,170,13,43
This is to make them in line with physical books,2023-10-10 13:42:32,10,171,13,42
Oh so physicl books already had reduced VAT?,2023-10-10 13:43:19,5,172,13,43
correct,2023-10-10 14:33:02,2,173,14,33
How do you reduce 0%?,2023-10-10 13:42:57,9,174,13,42
It's not stupid because it's already 0 on physical books....,2023-10-10 13:41:58,9,175,13,41
"- â‚¬300 Fuel Allowance lump sum	Winter 2023
- â‚¬200 Living Alone Allowance lump sum	Winter 2023
- Double month Child Benefit	Winter 2023
- â‚¬400 Working Family Payment lump sum	Winter 2023
- â‚¬100 Qualified Child Increment lump sum	Winter 2023
- Double week for all weekly welfare schemes	January 2024
- â‚¬400 lump sum to selected welfare categories*	Winter 2023
- Double payment Foster Care Allowance",2023-10-10 13:52:58,16,176,13,52
"..unless oireachtas.ie is on a delay or if he mentioned then twice, you appear to have posted some of these before Paschal said them. ðŸ•µï¸â€â™‚ï¸",2023-10-10 13:55:28,2,177,13,55
"I received a pre copy to share with all my friends

Edit: but seriously they published it early

https://www.gov.ie/en/campaigns/budget/",2023-10-10 13:57:20,14,178,13,57
It says the 9 weeks parents leave (up from 7 weeks) isnfrom August 2024. Does this mean the child has to be born after August 2024?,2023-10-10 14:25:26,6,179,14,25
"Probably get it if they are aged under 2 on that date, that's how it worked last year when they increased it from 5 to 7 weeks.",2023-10-10 14:30:53,8,180,14,30
"> parents leave 

this is during the child's first 2 years, not just birth",2023-10-10 14:32:33,4,181,14,32
"Parents leave is shite anyways. It's just a dole substitute to your actual salary, so the vast majority of people can't afford to take it.

But the headline reads well.",2023-10-10 15:26:26,2,182,15,26
[deleted],2023-10-10 16:45:51,1,183,16,45
"As a recent father it basically felt like nothing, it was nothing more than the state being obligated by EU law.

Not to mention paternity leave payment is still not required by an employer.

> Would be nice if it were a percentage like 80%

I have no doubt in 30/40 years time it will be 80+%",2023-10-10 16:51:59,4,184,16,51
Whats going on with the HTB scheme?,2023-10-10 15:34:01,7,185,15,34
Extended until 2025,2023-10-10 15:34:32,3,186,15,34
Still just new builds? Heard rumours it might get extended to 2nd hand homes?,2023-10-10 15:41:55,2,187,15,41
 that scheme has already inflated prices of new builds. Can you imagine the insanity if that scheme was extended to 2nd hand property,2023-10-10 16:06:50,14,188,16,6
i thought the plan was to extend it to 2nd hand property. seems that didn't happen,2023-10-10 17:03:51,3,189,17,3
"I donâ€™t believe that was ever really the plan.

The real purpose of the help to buy scheme was to raise prices. In doing so it theoretically motivates developers to build more. The government is effectively giving them an extra 30k bonus per house built. 

You donâ€™t get that benefit by applying it to 2nd hand homes. You only get the downside of inflating the arse out of the market",2023-10-11 02:45:27,3,190,2,45
What if you got a mortgage this year? Do you get the tax relief still?,2023-10-10 17:00:59,6,191,17,0
No.,2023-10-10 17:07:30,4,192,17,7
The tax relief is only for those who are in serious arrears,2023-10-11 02:33:22,1,193,2,33
[deleted],2023-10-10 11:52:10,34,194,11,52
">why why why has this narrative about landlords fleeing the market been allowed to take hold?

Because everyone has been using Daft.ie's figures as a gauge of the state of the rental market and they're fundamentally wrong. 

Saying that there's fewer properties on the market because there's fewer on Daft is like saying nobody must watch movies at home anymore because Xtravision shut down.",2023-10-10 12:26:47,20,195,12,26
"You're correct, strictly speaking, but it's a pretty good barometer. Without some kind of reason to believe landlords are moving away from Daft as a platform, a dwindling number of rental properties on Daft is very probably an indication of dwindling numbers of rental properties in general.",2023-10-10 14:11:34,1,196,14,11
Because it's easier to shift focus onto landlords then pick apart.that the housing crisis has been created by successive governments.,2023-10-10 12:06:29,6,197,12,6
"Lobbying is the answer, landlords have the ear of gov more than renters since they are more organised. The bit that I hate is that it doesn't make sense logically regardless of their lobbying. It's a cost of living crisis for renters or new buyers not people who already have 2+ homes.",2023-10-10 11:58:24,6,198,11,58
"I don't think it's beyond reason the current government see their days numbered and figure they don't need to appease the public, but rather grab a few quid for themselves and their mates on the way out the door.",2023-10-10 12:18:39,3,199,12,18
">ridiculous. these people have made a killing over the last decade.

Ridiculous based on what? I don't think a single estate agent in this country would agree with you...

How have landlords in major cities like Dublin been making a killing:

1) The rent cap resulting in some properties being significantly under market rent

2) More rules and regs increasing administration burden/expenditure

3) Mortgages being sold to vulture funds pulling interest rates out of their arse",2023-10-10 12:59:33,-9,200,12,59
[deleted],2023-10-10 13:06:18,10,201,13,6
"Did you read my comment at all? What difference does the increase 'from 2015 upto today' make if the rent you are charging a tenant has been rent capped at the rent you have been charging since 2016 with a nominal increase since then?

It is comical you acknowledge rents have soared since 2015, but can't grasp that rents have been capped for a lot of properties at pretty much 2015 rents...",2023-10-10 15:47:44,3,202,15,47
Can you?,2023-10-10 16:35:20,2,203,16,35
State exam fees waived next year,2023-10-10 14:06:40,10,204,14,6
Thanks for the 800 quid and the 750 back from renting but there wont be a ff/fg candidate within a mile of my ballot.,2023-10-10 13:40:28,25,205,13,40
It's not too little too late. Just too late,2023-10-10 14:27:20,4,206,14,27
"I think Parties should put their budgets out for the year that they intend to implement (ie if in opposition or not)  and then posters here should decide which is the best budget without knowing the name of the party writing it.

I have a feeling it would lead to some changes in opinion.",2023-10-10 17:07:08,20,207,17,7
I think FF and FG would be easily recognisable by giving landlords double the benefits of everyone else,2023-10-10 17:44:59,21,208,17,44
I suspect a lot of shinners wouldn't be able to tell the budgets  apart.,2023-10-10 18:24:54,3,209,18,24
"I mean their own alternative budget tackles the same issues, just at different values than today's budget. Cutting Income Tax, USC, recruiting Gardai, budget for housing etc. For example, a 0.5% USC reduction is enough for the Gov to say they cut USC. 

The thing I'll say though, is you'll never see FFG banning rent increases for 3 years. That'd be a clear enough sign for who's budget you're looking at.",2023-10-10 19:07:58,2,210,19,7
[deleted],2023-10-10 20:03:18,-1,211,20,3
"If you want some figures that aren't pulled out of your hole, here you go. Never mind the additional properties likely under their partners' names or their other family members. 

http://tdlandlords.com/",2023-10-10 20:07:30,6,212,20,7
Test your idea,2023-10-10 19:00:29,0,213,19,0
25% reduction in childcare costs confirmed,2023-10-10 14:12:12,11,214,14,12
From September 2024,2023-10-10 14:16:23,5,215,14,16
Nothing for those of us using childminders I presume?,2023-10-10 14:33:34,-1,216,14,33
"Funding for 1,000 new Garda and 250 Garda Staff",2023-10-10 13:53:51,5,217,13,53
"Since minimum wage goes up wouldn't that also mean the minimum wage of those under 20 and under 18 go up since under 18 is 70%% of the standard minimum wage and 19 years old is 90% of the minimum wage?

Would that mean under 18 would be getting new min wage X 0.7 or would it stay the same?",2023-10-10 21:21:17,4,218,21,21
New minimum wage x 0.7,2023-10-11 06:32:03,3,219,6,32
SoundðŸ‘,2023-10-11 07:42:56,1,220,7,42
"Carbon tax hasnt been deferred so diesel will go up by 2.5c/l from tonight, and petrol by 2.1c/l",2023-10-10 13:39:59,11,221,13,39
Ah ffs,2023-10-10 13:40:12,4,222,13,40
Thanks Eamon. Must be nice having others pay for your commute,2023-10-10 13:58:24,-4,223,13,58
"It's a budget leading into a pre-election cycle, so almost everyone will get a little something so that the current government can produce soundbites based on how ""generous"" they have been in this budget, but in actuality it will probably be very minimal in terms of positive impact. 

When they make small changes across a broad spectrum of areas it can seem like a lot and can be difficult to quantify on an individual level versus something like an increase in tax credit allowance or raising the threshold for higher bands of income tax, but this way gives them a LOT to talk about on the political chat shows while not really doing very much at all.",2023-10-10 11:45:10,7,224,11,45
"I've heard talks that social payments like jobseeker allowance would be tied to the amount of PAYE previously paid, and not a flat rate anymore.  I may have missed that; anyone knows whether that's in the budget?",2023-10-10 19:49:44,6,225,19,49
Linked to your pay in the previous year... I presume it will be similar to maternity benefit calculations so should be an increase on current rates for most,2023-10-10 20:04:11,7,226,20,4
Pearse making some decent points but he's awful boring to listen to.,2023-10-10 14:59:21,10,227,14,59
"It's just seems too good to be true, what's the catch?",2023-10-10 15:06:38,13,228,15,6
Iâ€™m sorry were you saying something there? You just have a terribly boring voice,2023-10-10 15:28:35,9,229,15,28
He made an awful lot of emotional point and very little actually critiques of the budget,2023-10-10 15:04:13,11,230,15,4
Pearse Doherty????? Being emotional????? Whaaaaaaaaaat??????,2023-10-10 15:16:04,4,231,15,16
"- â‚¬1 million per day invested in cycling and walking infrastructure
- â‚¬1 billion for the development, protection and renewal of our road network",2023-10-10 14:13:31,10,232,14,13
More hyped for this than Wrestlemania 2000 because I know my hopes are going to be fuckin crushed,2023-10-10 12:12:52,10,233,12,12
What do you expect? It is just going to be tax cuts and few projects here and there. Nothing to be excited about.,2023-10-10 12:29:07,6,234,12,29
">The package will include an increase of â‚¬12 in weekly social protection payments.  
>  
>The Christmas Bonus to those in receipt of regular Social Protection payments will be paid in early December.  
>  
>A once-off double week ""Cost of Living Support"" payment to all qualifying Social Protection recipients will be paid in January.  
>  
>A special, once-off payment of â‚¬400 will be made before Christmas to those who receive the Carer's Support Grant, Disability Allowance, Blind Pension, Invalidity Pension and Domiciliary Care Allowance.

Well, it's something at least. Just got to hope that the price of groceries over Christmas doesn't wipe out these increases and bonuses.",2023-10-10 14:25:02,10,235,14,25
"Again the budget is quick little grabs of ""goodies"" and minimal tax ""cuts"" advertised with little impact on the actual issues plaguing the country. They can't keep getting away with this and their annual increase in taxing  cigarettes since 2000's, as if that's the answer to grow the economy. 

The landlord relief is a total joke but they clearly want to appease their mates/themselves who were probably pissed from not getting any of the pie last year. â‚¬160m tax break for landlords and â‚¬88m for renters? 

The public transport that I saw was basically just a reduction of 20c to bus fares. What about, I dunno, actual infrastructure development? EDIT: More added but same stuff they've been banging on about with no action for years, I.e. Metrolink

The health budget is bunged up. The lack of any form of substantial equity into affordable housing and again continuing with these schemes...

The crime increases are a joke? 800 new gardai next year? What's that going to actually do to address the cause of the rise in antisocial behaviour?

I'll take the rent credit but the -0.5% decrease in USC when it was promised to be abolished by the same crowd 7 years ago just sums up their entire run. Too little, too late. 

Pack of gowls.",2023-10-10 15:43:44,25,236,15,43
"> The public transport that I saw was basically just a reduction of 20c to bus fares. What about, I dunno, actual infrastructure development?

There is

>Budget 2024 will provide â‚¬3.5bn to the Department of Transport; â‚¬892 million in current funding and â‚¬2.7bn in capital funding.

>He said capital funding will support the construction of MetroLink, the Cork Commuter Rail project, and investment in electric and hybrid-electric buses and the essential infrastructure required for new bus and rail fleets such as the electrification of bus and rail depots.",2023-10-10 15:48:48,18,237,15,48
">  will support the construction of MetroLink, the Cork Commuter Rail project

What are we, 2 decades into the metrolink? And still yet to see the first shovel hit the dirt.",2023-10-10 16:00:05,4,238,16,0
"So â‚¬2.7bn allocated to cover it and your first reaction is ""Well they haven't done it up to now!!!"" Should we just knock it in the head so?",2023-10-10 16:18:32,8,239,16,18
"Who said anything about me wanting it to be cancelled?

They've obviously got you excited, so them claiming to build the metro every year for the past 20 years seems to have a positive impact on some peoples perceptions.",2023-10-10 16:46:25,0,240,16,46
What are you complaining about? They've just announced and funded it,2023-10-10 16:52:55,4,241,16,52
2018,2023-10-10 16:53:16,2,242,16,53
"Oh lord! You must be fresh off the boat.

https://en.wikipedia.org/wiki/Transport_21",2023-10-10 16:57:18,0,243,16,57
"Thatâ€™s not metrolink, it was a totally different metro project, announced under a totally different government that was very publicly cancelled. Itâ€™s not fair to say we are 20 years into this project",2023-10-10 18:09:00,4,244,18,9
"Are you mad? That political party is currently in holding office.

Are you telling me that it's acceptable to bin a long term infrastructure plan because an election was held? How long is long enough then? 5 years? 10 years? 

The current childrens hospital started in 2006 from inception. First shovel was 2016. You tell me what date it started? Because in 2006 and task force was composed, that costs money.",2023-10-10 23:52:24,3,245,23,52
Ah sure in that case we should cancel it then.,2023-10-10 16:03:53,1,246,16,3
He mentioned about the rent credit increase but only saw the rumors in September - Any info?,2023-10-10 13:25:37,3,247,13,25
Up to 750 for next year,2023-10-10 13:26:59,5,248,13,26
750,2023-10-10 13:53:00,1,249,13,53
"Oh look, there's that tax relief for the landlords they can't even show are leaving the market despite claiming as much over and over. Kind of ties nicely in to how they are also giving mortgage assistance *per property* and not *per person.*",2023-10-10 13:24:31,20,250,13,24
It's only primary residence..,2023-10-10 14:44:12,3,251,14,44
"That's a relief at least, was sure I heard ""per residence"" though maybe it was ""per primary residence""?

Probably a good reason to not immediately respond on the budget with how many numbers and terms etc get flung out so quickly.",2023-10-10 14:53:50,0,252,14,53
I think you can only have one primary residence so same thing really,2023-10-10 14:55:26,2,253,14,55
The mortgage relief is on primary residence only,2023-10-10 13:26:37,7,254,13,26
i thought there was a separate relief for rental income that x thousand will be taxed at 20% instead of 40% increasing each year,2023-10-10 14:15:02,2,255,14,15
"That's heresy, the good accidental landlord who has 10 properties needs their money just as much as the person who's struggling to pay for their own home.",2023-10-10 13:28:19,6,256,13,28
Biggest reason for landlords leaving is selling up. This is a 4 year credit that will be clawed back if the landlord leaves the market in this time.,2023-10-10 13:28:05,5,257,13,28
"The CSO figures on households in rented accommodation would suggest many landlords are simply opting to not register and the idea there has been an ""exodus"" is based on incorrect interpretation of the data.",2023-10-10 13:32:05,9,258,13,32
"There seems to be a few reasons why, here's an article I was looking at earlier about it from Michael Byrne, ""a lecturer in political economy at the School of Social Policy, Social Work and Social Justice"" at UCD. 

https://www.rte.ie/brainstorm/2023/0926/1407182-landlords-tenants-ireland-property-market/",2023-10-10 13:40:26,4,259,13,40
"I possibly missed it in the feed, but from what I read; single professionals with no dependents and in higher tax brackets have essentially gained nothing (bar a decrease in USC). Unless I missed something?",2023-10-10 15:38:02,18,260,15,38
higher tax bracket starts at 42k now and credits up by â‚¬100 each. Any single person above â‚¬42k is making like â‚¬600 not including USC and electricity credits etc. Well over a grand there which isn't bad at all.,2023-10-10 18:14:53,6,261,18,14
"Yup this is how most of europe does it, tax the shit out of single high earners to pay for everyone else's kids. It fucking sucks.",2023-10-10 19:52:53,6,262,19,52
"What do you expect when whenever tax cuts are floated on here, the majority of comments say they neither want nor need them. It's a joke when taxes are effectively hiked every year anyway as the bands don't move with inflation. This budget is the final nail in Ffg's coffin as far as I'm concerned.",2023-10-10 15:57:23,6,263,15,57
Increasing the entry point for the higher PAYE band as well,2023-10-10 15:39:00,1,264,15,39
Was that like a 5% increase? Inflation was hitting 8-10% this year so still effectively a tax hike.,2023-10-10 15:58:29,5,265,15,58
They cant raise the tax entry point every year. That would lead to ruin,2023-10-10 16:52:50,2,266,16,52
"Would it? A quick Google says 17/38 OECD countries increase their tax bands in line with inflation. In any case, they've barely increased it 50% of inflation this year and most others it's 0%. The only person's ruin this will lead to is the ordinary joe soap who's take home pay gets eroded every year with very little to show for it.",2023-10-10 18:25:47,2,267,18,25
"Ah sound, didn't see that in the article I was reading. cheers.",2023-10-10 15:39:41,2,268,15,39
"Entirely gobbled up by fuel, energy and ECB rate increases. They can stick it up there arses.",2023-10-10 15:48:52,2,269,15,48
"Fuel is up yes but energy prices are coming down. 

ECB rates were well flagged in advance. What do you expet the irish government to do about them?",2023-10-10 16:54:04,3,270,16,54
65 a month from tax changes.,2023-10-10 15:41:11,1,271,15,41
Funding for 400 additional military personnel,2023-10-10 14:25:01,6,272,14,25
"Which is basically pointless as they are meant to be already funded for 9,500 personnel, but only have about 7,800. They were up until this year able to redirect the surplus salaries budget to other areas, but new rules mean that has to now be returned to the exchequer, so effectively they've given them extra money to be returned.",2023-10-10 15:20:01,3,273,15,20
"Sure they pay them pittance, can't keep lads in the Air Corps cos the wage is so shite.",2023-10-10 14:37:50,3,274,14,37
1.1b for shared Island iniatives,2023-10-10 14:37:03,5,275,14,37
"Rent tax increase, less USC, SRCOP is up, tax credits are up, and potential ETF tax improvements. I'm pretty happy about that overall.",2023-10-10 14:46:14,9,276,14,46
What was said about ETFs?,2023-10-10 15:14:05,6,277,15,14
"
""Ceann Comhairle, my department is currently undertaking a review of the Funds sector. The review is on track to report to me in summer 2024 and will include consideration of Life Assurance Exit Tax (LAET) and the taxation of funds, including Exchange Traded Funds (ETFs), for Irish investors more generally.""

""Following the completion of the review, I will consider whether any changes to the current taxation framework are appropriate.""

https://www.irishtimes.com/politics/oireachtas/2023/10/10/budget-2024-michael-mcgraths-speech-in-full/

So, nothing in the budget but maybe something next year.",2023-10-10 15:52:37,6,278,15,52
Sigh.. I just started looking at etf couple weeks ago and got scared away due to the insane tax rules,2023-10-10 17:46:45,5,279,17,46
"They really are a pain in the hoop! Especially considering that individual stocks are taxed at 33% and dont have any deemed disposal rules around them.

There is an argument to be made that the tax laws on ETFs has added to the housing crisis as cap gains on property is lower than ETFs so a second home is a smarter long term investment. However, I've never seen empirical evidence to back this up.

Ideally, I'd love to see them tax ETFs the same as individual stocks but that's probably a pipe dream.",2023-10-11 10:01:55,2,280,10,1
"How long will it take for them to sort the over 18s being paid child benefit whilst in school? My young lad is in sixth year and turned 18 in August.  There will be no point in it for us, if not sorted ASAP. Child benefit section currently has no forms for over 18s. I am worried it will take them a lifetime to draft up the forms.",2023-10-10 20:04:30,5,281,20,4
I'm sure it will be backdated though for this year. I'd imagine they send out the same form that they do when your child is over 16 and still in school (they'll only have to change like one word?),2023-10-10 20:16:45,3,282,20,16
Hope so!!! Thanks,2023-10-10 21:37:49,1,283,21,37
"Im more curious about why CB is always a double payment at Christmas, Surely doing it around June or July to help with back to school expenses would be more beneficial for them ?",2023-10-10 22:23:33,3,284,22,23
"Itâ€™s a general economic stimulus. Kids get fancier presents, retailers gets record profits, college kids get temporary employment and politicians get parents votes. Revenue then gets a chunk of back in vat, corporation and income tax.

Everyone is happy (except for child free taxpayers)",2023-10-11 01:04:17,3,285,1,4
"Kids, Xmas big costs too! There is back to school allowance that's means tested for school costs available from July.",2023-10-10 23:37:30,2,286,23,37
I'm fully ready for some pre election bribes,2023-10-10 11:27:58,7,287,11,27
"....I get this point, but like, there's a lot of people struggling and we'd like and want to see those areas addressed with extra funding/financial supports and that's kind of the point of politics right - doing stuff to improve the lives of citizens. 

It feels unnecessarily cynical to dismiss everything as bribes for votes - like, we'd be voting for a different party in the hope/expectation that they give us funding/financial support for aspects of the economy for the same reason.",2023-10-10 11:35:00,12,288,11,35
"You are right, I was just being cynical.",2023-10-10 11:36:16,4,289,11,36
Yep. These lads are only in it for themselves. Short terms so they donâ€™t really change anything drastic for the long term benefit of the country while in office. Thatâ€™s how I see it anyway,2023-10-10 12:04:14,4,290,12,4
Energy credits are great we've only used up last year's and got our first electric bill this year.,2023-10-10 14:08:37,8,291,14,8
How have all your bills been under a total of â‚¬600 since the first credit was given? Thats like â‚¬60 a month if not even less than that,2023-10-10 14:51:07,5,292,14,51
"The bill I received this month was 124 for 2 months, and I only had to pay 122 as there was 2 euro credit from the energy credits.",2023-10-10 15:04:54,2,293,15,4
I've no idea how you made â‚¬600 last the past year,2023-10-10 15:19:53,2,294,15,19
Small household? On average our electricity bill is only around 160 for two months for two people.,2023-10-10 15:24:59,2,295,15,24
He doesn't pay a standing charge apparently,2023-10-10 15:18:18,1,296,15,18
Did ye have the heat on for a cumulative 4 minutes?,2023-10-10 14:23:24,2,297,14,23
Solar I'd say?,2023-10-10 14:39:25,2,298,14,39
"Missed that part, what figure and when will it be realised did they land on? Can't find anything online about it yet.",2023-10-10 14:39:58,1,299,14,39
It's 3xâ‚¬150.,2023-10-10 14:54:17,2,300,14,54
"Thanks, that's decent",2023-10-10 15:00:22,2,301,15,0
0.1% increase in employers' PRSI - this is to take account of future pension requirements,2023-10-10 14:14:21,4,302,14,14
Did I hear right that increase is from 1st October? May have misheard so genuine question.,2023-10-10 14:18:29,5,303,14,18
Yea believe so,2023-10-10 14:20:09,2,304,14,20
I can't scroll down. Any further boost to childcare costs or an increase of the subsidy? The boost last year was amazing.,2023-10-10 14:45:55,7,305,14,45
25% reduction in child care costs.,2023-10-10 14:47:52,13,306,14,47
"Stupid question, does this mean my childs creche will cost me 25% less come January?",2023-10-10 15:53:56,4,307,15,53
From September 2024,2023-10-10 16:13:09,6,308,16,13
september  next year not January,2023-10-10 16:08:44,4,309,16,8
Any details exactly?,2023-10-10 14:51:47,2,310,14,51
"Nah I just saw 25% reduction, no idea what that entails yet though.",2023-10-10 14:54:35,2,311,14,54
Don't think the 25% comes in til September so basically next year. Word came out this morning that Roderic O'Gorman got the 25% and I was so relieved. Sure it was probably 10% starting in January but to put out a headline figure of 25% they had to delay it. So annoyed.,2023-10-10 14:57:40,3,312,14,57
The mortgage interest relief is quite small at least,2023-10-10 13:20:23,2,313,13,20
Anyone know any details on the 50k r&d credit?,2023-10-10 13:31:03,2,314,13,31
Basically if your company spends on R&D and logs the hours in revenue they will refund a certain amount. For instance if Intel is spending money on a new product that hasn't hit the market yet or a new feature they can submit documentation to refund some tax.,2023-10-10 13:35:26,3,315,13,35
There already was a credit for this? Is it increasing?,2023-10-10 16:32:20,1,316,16,32
Yep to 30%,2023-10-10 16:38:34,1,317,16,38
Thank you.,2023-10-10 16:03:48,2,318,16,3
20 cigarettes going up by 75c,2023-10-10 13:40:14,6,319,13,40
"Vaping on the hook for taxes next, yikes.",2023-10-10 13:55:21,8,320,13,55
Nearly â‚¬17 a packet. You would need to be earning six figures to smoke nowadays,2023-10-10 13:49:14,2,321,13,49
If you smoke 20 a day that's about 6 grand a year,2023-10-10 13:50:32,5,322,13,50
"I generally see >50% of cig packets being from abroad in my local country pub.   


A lot of it is bringing back some extra cartons for friends when you're out of the country etc but I'm sure there's a lucrative black market there as well.",2023-10-10 14:27:32,2,323,14,27
"That's the idea

Quit or die",2023-10-10 13:50:15,4,324,13,50
People will pay it. Madness,2023-10-10 13:51:01,2,325,13,51
"Could have sworn he said ""and nicotine products"" so is there an excise being slapped onto e cigarettes too?",2023-10-10 14:32:32,1,326,14,32
Government in the pocket of Audible confirmed,2023-10-10 13:38:12,5,327,13,38
The min wage going up by a euro whatever put it up to 16-17+ nothing about housing,2023-10-10 19:19:21,5,328,19,19
If they said anything about housing it would be pointless because the current dire situation wonâ€™t be fixed within the next 10 years due to population incline and demand so theyâ€™d be contradicting themselves.,2023-10-10 20:01:45,5,329,20,1
Hi. Can someone illuminate what has happened to parent's leave?,2023-10-10 16:03:40,4,330,16,3
"It's up to 9 weeks, from next August",2023-10-10 17:18:07,6,331,17,18
Itâ€™s infuriating they cannot give the positives from January when increases go on straight away,2023-10-10 18:13:07,3,332,18,13
"They want the applause without actually doing anything

Kicking the childcare subsidy to September next year is near fucking pointless.",2023-10-11 00:17:00,2,333,0,17
A fantastic budget in fairness,2023-10-10 14:00:00,9,334,14,0
"Managing the economy has never really been this governments problem, they have done a great job managing it since 2016 but the problems people have is their seeming animosity towards anyone aged 16-40 and overall lack of forward thinking.",2023-10-10 14:05:10,17,335,14,5
People don't like forward thinking because they don't get anything NOW. It's always been this way.,2023-10-10 15:24:07,0,336,15,24
"I'm not in the public sector but the fact they aren't giving money to rank and file Gardai, nurses, non-consultant doctors...etc is terrible. They want building projects, they want performative to most people but they have really badly missed a bunch of things. I wouldn't have given the banks their tax break or the landlord tax break and just given it to public sector workers honestly.",2023-10-10 14:04:15,12,337,14,4
Thats not part of a budget and negotiated with public sector bodies seperatly.,2023-10-10 14:12:31,13,338,14,12
Still if I was in the public sector I'd be really interested in a strike across the board at this point. They wank off private sector workers trying to buy an election. And they did increase the Garda recruit wages slightly in this budget so it's not like they can't do it.,2023-10-10 14:18:43,-8,339,14,18
"> They wank off private sector workers 

What did private sector workers get the public didn't?",2023-10-10 14:23:34,4,340,14,23
Their wages since the recession haven't even remotely been close to the wage increases of private workers.,2023-10-10 14:27:25,-2,341,14,27
"Ok but what has that got to do with the budget.

I 100% agree they need way increases across the board at the mid and low level position in the public sector but it has nothing to do with the budget today.",2023-10-10 14:29:01,2,342,14,29
"I'm saying they don't have to wait for a strike to do something, they did increase the Gardai recruit wages to 305 euro in this budget as well. My point is they should do something there too instead of stuff like tax breaks for banks.",2023-10-10 14:32:49,-4,343,14,32
Wank off private sector workers? What?? Id kill for the some terms and pensions civil servants have.,2023-10-10 14:29:04,1,344,14,29
"That's actually a great point and to be fair for the average public sector worker it's probably not so bad but for hospital workers for instance or Gardai it's probably not a great deal. Like they are demanding overtime to cover the issues in the Gardai they have with staffing, it's papering over the cracks.",2023-10-10 14:31:01,-1,345,14,31
Those things are usually negotiated in public sector pay talks tbf,2023-10-10 14:10:00,8,346,14,10
"> I'm not in the public sector but the fact they aren't giving money to rank and file Gardai, nurses, non-consultant doctors...etc is terrible

Pay isn't done through the budget. There's another round of pay talks coming",2023-10-10 14:29:55,8,347,14,29
"Well, you can have all the talks you want but if the funding is not there it is not there.",2023-10-10 15:10:34,1,348,15,10
">I'm not in the public sector but the fact they aren't giving money to rank and file Gardai, nurses, non-consultant doctors...etc is terrible. 

they did ..... Funding for 1,000 new Garda and 250 Garda Staff",2023-10-10 14:08:58,6,349,14,8
"Not what I mean, I mean giving them an actual living wage. The pay quoted for Garda recruits for instance is 305, the dole is 220. If they want people to be Gardai or nurses or teachers or caring for old people you need to give them dignity and dignity from the start. It sounds great 1k new Gardai and 250 other Garda staff but they have lost thousands in the last decade because of retirements and it just not being worth it for the amount they are paying.",2023-10-10 14:12:01,1,350,14,12
It's and additional 1k to what is already on the cards and there's no shortage of recruits. The increase to 305 a week will only help.,2023-10-10 14:19:38,4,351,14,19
"I couldn't claim the renters tax credit previously as our landlord wasn't registered with RTB, they have since registered so thats all grand. Will I be able claim the previous 2 years + this year this time around?",2023-10-10 14:52:39,2,352,14,52
"You could always claim if they weren't registered, but you should be able to claim.",2023-10-10 14:55:47,23,353,14,55
Your tenancy date on RTB should be backdated to when you moved in. My landlord didn't register mine until November 2022 backdated to June 2021 and I was able to claim no bother.,2023-10-10 14:54:01,2,354,14,54
"Great, thank you. I may be mis remembering but was there something last year when they introduced this that the first year was given in cash and the second as tax credits (i.e pople got 500 cash and 500 tax credits when filing thier tax returns) ? If so do you know if thats still the case (for the first year at least?)",2023-10-10 14:57:37,1,355,14,57
RTÃ‰ cutting away from Pearse,2023-10-10 14:52:48,6,356,14,52
">RTÃ‰ cutting away from Pearse

In fairness we all know what he's going to say.",2023-10-10 16:54:42,7,357,16,54
"Oireachtas.ie still showing it in full, no ads or commentary getting in the way either.",2023-10-10 15:12:36,7,358,15,12
"It's on newsnow.

RTE1 always cut away post budget delivery.",2023-10-10 14:59:15,9,359,14,59
NO! THE THING THAT WAS ALWAY DONE IS A CONSPIRACY,2023-10-10 16:20:04,6,360,16,20
"Always has, theres never been continuous coverage",2023-10-10 14:55:32,7,361,14,55
Oh all the twitter buzzwords.,2023-10-10 14:42:03,2,362,14,42
Bit odd to increase cigarette prices by 75c instead of 50 or the full euro.,2023-10-10 18:09:00,3,363,18,9
75c is the new 50c.,2023-10-10 18:25:26,11,364,18,25
Inflate the inflation,2023-10-10 18:49:43,10,365,18,49
"Based on the budget im getting about an actra 100 or so, Smokes gone up so the reduction in USC is gone on that increase. Inflation as well so the tax credit is gone already.

I live with a family member and pay them 'rent' but wont qualify for the renters allowance.

Nothing for people in their early 30s or late twenties.

I actually get less pay as a % of minimum wage due to that now being increased, unless i get a raise ofc.

The 25% on Chlidcare reductions seems good but there are no places in Creches or afterschools for kids anyway, so not much help there either.",2023-10-10 19:34:24,0,366,19,34
"Did I read that right in that landlords are getting â‚¬3000 while renters are getting just â‚¬250?

That is fucking outrageous",2023-10-10 13:56:47,4,367,13,56
"> Did I read that right in that landlords are getting â‚¬3000

The first â‚¬3000 of their income at the standard rate to be tax free, so the benefit is worth somewhere around â‚¬600-750 (not sure if PRSI/USC are relevant) next year.",2023-10-10 14:16:01,11,368,14,16
Ah thank you for explaining I had a feeling I only half heard it correctly,2023-10-10 14:44:36,2,369,14,44
"I now notice it is at the standard (20%) rate, so I've adjusted the amount.",2023-10-10 14:52:18,2,370,14,52
No. Renters getting 750 rebate,2023-10-10 13:57:58,5,371,13,57
Which is an increase of 250,2023-10-10 14:01:28,3,372,14,1
No renters get 250 extra in this budget not 750,2023-10-10 14:45:03,-2,373,14,45
"Where in the original comment, do you say ""extra""?",2023-10-10 14:47:23,3,374,14,47
The first 3000 is tax free for landlords. So is you assume that the landlord is on the higher rate of tax at around 50% then they save around 1500,2023-10-10 14:04:28,3,375,14,4
It's at the standard rate rather than your marginal rate.,2023-10-10 14:53:04,3,376,14,53
Anyone know whether you can claim rent tax credit on children renting in private student accommodation?,2023-10-10 14:39:13,2,377,14,39
Apparently yes,2023-10-10 14:49:42,3,378,14,49
You always could. The only amendment is now people in digs can claim it. But if youâ€™re in a private accommodation block you can claim it for last year and this year already.,2023-10-10 14:46:10,6,379,14,46
Thanks,2023-10-10 14:51:22,2,380,14,51
I believe that is the intention but we will know for sure when we get it in writing,2023-10-10 14:40:56,2,381,14,40
Thanks,2023-10-10 14:43:53,1,382,14,43
"""In addition, I have decided to make an amendment to allow parents who pay for their student children who have tenancies in â€˜Rent a Roomâ€™ or â€˜digsâ€™ accommodation to claim the Rent Tax Credit. This will also be backdated to allow for claims to be made for the 2022 and 2023 tax years.""

These are the only changes outside of the increase to 750 for next year",2023-10-10 14:41:37,3,383,14,41
"
Anything for the gamey aul wans, Michael?",2023-10-10 13:40:15,2,384,13,40
Lol the banks caused the financial crisis and why we had to pay USC to bail them out fucking tax them you dumb fucks.,2023-10-10 13:40:15,3,385,13,40
And the fuckers pay out very little on interest rates to savings. Banks are laughing at us.,2023-10-10 14:39:58,3,386,14,39
Here comes moany,2023-10-10 14:42:57,1,387,14,42
https://i.imgur.com/jN4EERq.jpg,2023-10-10 14:44:39,-2,388,14,44
"Possibly a stupid question, but with the minimum wage going up does that increase your hourly wage by the same increment even if youâ€™re getting paid more than that anyways and on a hourly contract ? E.g if youâ€™re on 15.50 does it now go to 16.90?",2023-10-10 16:53:06,3,389,16,53
no effect on it,2023-10-10 16:53:58,11,390,16,53
Thanks !,2023-10-10 16:54:43,2,391,16,54
"No, but when wage negotiations come around make sure to voice your opinion on it.",2023-10-10 18:20:02,7,392,18,20
"No, but it does mean things will be more expensive and you effectively got a pay cut",2023-10-10 19:01:12,1,393,19,1
"Ah yes, minimum wage, that big driver of inflation.",2023-10-10 19:19:58,12,394,19,19
Minimum wage is important but it does have an effect on inflation when it rises,2023-10-10 19:25:53,0,395,19,25
There's plenty of papers showing that the effect of increasing minimum wage is negligible to inflation.,2023-10-10 22:04:52,8,396,22,4
[deleted],2023-10-10 22:08:45,-1,397,22,8
"Sure, older studies. Most recent literature points to miniscule / negligible effects both in normal or high inflation contexts.",2023-10-10 22:12:13,3,398,22,12
"Sure, older studies. Most recent literature points to miniscule / negligible effects both in normal or high inflation contexts.",2023-10-10 22:12:07,1,399,22,12
Either way you're agreeing that it does effect inflation,2023-10-10 22:15:37,0,400,22,15
How am I agreeing? Do you know what negligible means?,2023-10-10 22:16:07,1,401,22,16
Hope everyone brought their own lube.,2023-10-10 11:20:18,1,403,11,20
In this economy?,2023-10-10 11:31:43,6,404,11,31
Sharing is caring,2023-10-10 11:24:27,1,405,11,24
Lads I'm so horny,2023-10-10 11:22:43,2,406,11,22
![gif](giphy|3o7TKWy0dOsKHBposM),2023-10-10 11:24:05,4,407,11,24
![gif](giphy|89A2Xae9GwkE0),2023-10-10 11:34:17,3,408,11,34
Bend over & get ready.,2023-10-10 11:48:45,0,409,11,48
Haven't done anything but doggy style the past 10 years Sher.,2023-10-10 12:33:48,2,410,12,33
Well versed in the art of FFG budgets.,2023-10-10 12:43:34,1,411,12,43
4e a week extra per child you push out,2023-10-10 14:02:38,-6,412,14,2
Crass comment,2023-10-10 14:06:20,1,413,14,6
"Sorry, also includes those delivered via C section",2023-10-10 14:07:07,25,414,14,7
Wahey,2023-10-10 14:25:25,3,415,14,25
*class,2023-10-10 15:33:43,0,416,15,33
Minor issue but would be great if they extend child benefit for those over 18 still in school.,2023-10-10 12:02:20,-1,417,12,2
"They used to at least have a reduced rate if you already were on child benefit before they were 18 and are still in education unless they changed it since. That was how it was 15 ish years ago anyway. I was getting the grant for college, in college and my mother was getting the dole and the top up for single parents allowance per child as well.",2023-10-10 12:09:51,2,418,12,9
"It's a strict cut off at 18 now, lots of kids don't start school til 5, do fourth year and then are cut off child benefit when in sixth year. A year with higher costs in school. It's so shortsighted.",2023-10-10 12:16:03,5,419,12,16
Jazus that would be horrible if the kid is still in secondary school. Like I turned 19 in my last year because we had transition year in my school.,2023-10-10 12:20:00,2,420,12,20
"My son is in 6th year and turned 18.in August. Really feeling the pinch in his final year of school. It was mentioned for this year's budget a few weeks ago but haven't heard anything since, but fingers crossed.",2023-10-10 12:30:14,2,421,12,30
I wonder is the toilet paper budget of gov buildings even worth that kind of saving.,2023-10-10 12:32:23,1,422,12,32
Yup .. I turned 19 right when I started 6th year so no child benefit for the whole 9 months I was in school,2023-10-10 15:58:15,2,423,15,58
They did!,2023-10-10 14:28:24,2,424,14,28
"Delighted, hopefully it's a quick roll out!!",2023-10-10 14:45:53,1,425,14,45
Anything on 3rd level Student fees yet?,2023-10-10 14:01:37,1,426,14,1
"a one off 1,000 euro reduction , free fees and apprenticeships",2023-10-10 14:03:02,6,427,14,3
"Cheers. He flew through that part of the announcement and it didn't pop up in the blurbs to read it. There wa something abiut 33% off for apprentices, but I'm misremembering",2023-10-10 14:15:34,1,428,14,15
1 off reduction of 1000 in fees,2023-10-10 14:02:42,2,429,14,2
Will this cover those who started sep this year?,2023-10-10 14:08:34,2,430,14,8
"correct ,  as far as i understand",2023-10-10 14:20:35,3,431,14,20
"I already got 500 from renting credit months ago, am I able to get it again ? Iâ€™m so confused and donâ€™t understand much of this been renting nearly 4 years now",2023-10-10 16:00:10,1,432,16,0
"No man, one per natural year. This is next year's budget.",2023-10-10 16:10:02,5,433,16,10
Ok thank you,2023-10-10 16:20:12,1,434,16,20
Minimum wage increase of â‚¬1.40 but only â‚¬12 weekly for social welfare?,2023-10-10 14:42:14,-9,435,14,42
"Social welfare goes from â‚¬220/â‚¬11.30 = 19.469 hours equivalent to â‚¬232/â‚¬12.70 = 18.267 hours equivalent.

Some of the disability advocacy groups were campaigning for at least a â‚¬25 increase.",2023-10-10 14:46:22,12,436,14,46
"Family Carers Ireland were calling for Carers Allowance to be increased to â‚¬325 this yearâ€¦ unfortunate that they were ignored

https://data.oireachtas.ie/ie/oireachtas/committee/dail/33/joint_committee_on_social_protection_community_and_rural_development_and_the_islands/submissions/2023/2023-07-12_submission-family-carers-ireland_en.pdf",2023-10-10 14:58:38,3,437,14,58
Yeah it encourages people to work,2023-10-10 16:41:05,14,438,16,41
[deleted],2023-10-10 17:00:53,-2,439,17,0
Some people canâ€™t work,2023-10-10 16:58:58,-2,440,16,58
But it will incentivise those who can,2023-10-10 17:16:14,4,441,17,16
And what happens to those who canâ€™t?,2023-10-10 17:39:41,-4,442,17,39
They go on disability,2023-10-10 19:49:02,6,443,19,49
"Stop making sense these people donâ€™t want to hear that, next youâ€™ll be mentioning the myriad of other benefits people on social welfare get that people working donâ€™t",2023-10-10 19:52:11,8,444,19,52
"So no mortgage relief for first time buyers......fucking great /s

I bought a new build in Jan and mortgage rates have doubled since then but I only draw down next week. So anyone who bought a new build in 2023 gets no help here as rates inccreased.",2023-10-10 13:20:23,-2,445,13,20
Its mortgage relief for primary dwelling which would naturally mean first time buyers.,2023-10-10 13:22:36,9,446,13,22
For those who had a certain outstanding balance at the end of year 2022. Nobody who drew down this year is getting it,2023-10-10 13:39:32,6,447,13,39
There is - anyone with a balance of 80 - 500k,2023-10-10 13:22:15,7,448,13,22
It's based of what the interest increased from earlier in the year he said. So anyone on a new expensive mortgage is excluded is my understanding.,2023-10-10 13:23:10,2,449,13,23
"Ah I get you. Well it not an increase for very new buyers I guess - they know the repayments

At the same time I'd wait till the actual details are announced",2023-10-10 13:24:46,1,450,13,24
The assumption i suppose is that those with a mortgage over 500 can look after themselves. Most first time buys arent anywhere near that.,2023-10-10 13:25:19,1,451,13,25
Does it include fixed rate? Or is it just variable/tracker?,2023-10-10 13:24:51,1,452,13,24
"Its based off how your rate increased. So if your mrtgage rate went up in 2023 you get some relief.

If you are on a fixed rate you get no relief. So anyone on a new mortgage with high fixed rates is not elligiable.",2023-10-10 13:27:58,4,453,13,27
Interesting - If you moved from a lower fixed rate to a higher fixed rate during 2023 would you be eligible?,2023-10-10 13:33:20,2,454,13,33
Yes you should be based on what he said but we need to see the details when they are published later.,2023-10-10 13:34:23,3,455,13,34
Sounds like it's the change in repayment in general so don't matter,2023-10-10 13:26:44,1,456,13,26
Heaps of additional capital funding for housing and health,2023-10-10 14:11:42,0,457,14,11
Ah stop Pearse yer number 1 priority is a United Ireland. You'll get in trouble now.,2023-10-10 14:44:49,-4,458,14,44
"Rewarding gardai in a year where they have been an absolute embarrassment, allowing unprecedented levels of violence and hrassment on our streets is baffling. Don't give me any BS about the funding helping to prevent that, it doesnt happen because the gardai are short hands, it happens because they're lazy cowardly scum.

Choosing this of all things and ignoring the disabled and carers helping them is monstrous but I guess the gardai will build baricades to keep the angry peasants away from their masters and carers and the disabled arent going to go on strike.",2023-10-10 15:54:56,-25,459,15,54
Scum? Really? Clown,2023-10-10 16:17:04,11,460,16,17
You lost your argument when you referred to gardai as scum. Remember to call them that if you have have to ring 999 for their urgent help,2023-10-10 16:04:25,5,461,16,4
"Not to say they are scum, I don't think they are, but I've called them before and they never showed. A couple people near me had a car accident and waited 4 hours for them to show up.",2023-10-10 22:14:32,3,462,22,14
"Because there simply aren't enough GardaÃ­ to properly police their areas. Even with Ireland's huge population growth, still more GardaÃ­ leave every year than join. In Dublin City you can't even call 112 late in the evening without being on hold for 3 minutes, showing the crisis extends to even the completely separate call centers.",2023-10-10 23:06:22,0,463,23,6
[removed],2023-10-10 16:02:01,1,464,16,2
"A chara,

Mods reserve the right to remove any targeted/unreasonable abuse towards other users.

SlÃ¡inte",2023-10-10 16:03:41,1,465,16,3
Fuck all once again for the working person. Dole merchants win again,2023-10-10 13:54:27,-25,466,13,54
"USCs 4.5% is being reduced to 4%. How much is that worth to workers at different income levels? Also, the cut off for the higher rate of PAYE is going up by 2,000.",2023-10-10 14:02:20,10,467,14,2
">USCs 4.5% is being reduced to 4%.

Did I hear that PSRI is increasing, though?",2023-10-10 14:45:55,1,468,14,45
Employer PRSI contributions increase by 0.1% from October next year,2023-10-10 14:54:23,2,469,14,54
OK ðŸ‘,2023-10-10 15:06:30,2,470,15,6
"Would you stop.

People make these stupid throwaway comments without actually thinking about them.",2023-10-10 14:07:49,12,471,14,7
"12â‚¬ a week is a win? That's less than inflation. It's less than everyone was predicting. And it's not just "" dole merchants"" it's people on disability too.",2023-10-10 13:56:21,11,472,13,56
I didn't say anything about people on disability though did I? I'm talking explicitly about Dole Merchants,2023-10-10 13:58:36,-15,473,13,58
"It's an FG budget. I have no idea why a YFG chum would condemn an FG budget, but here we are, hehe!",2023-10-10 16:22:41,1,474,16,22
[deleted],2023-10-10 13:30:20,-1,475,13,30
You did not,2023-10-10 13:31:29,3,476,13,31
Whats the 18 year old minimum wage rate going to?,2023-10-10 15:30:22,1,477,15,30
10.16 I'd say,2023-10-10 15:33:48,1,478,15,33
Yeah forgot its a set rate of 80% of minimum wage. Thanks pal,2023-10-10 15:52:32,1,479,15,52
